seed,trained,evaluated,crashrate,mergerate,ego speed,road speed
21, No Interference, 3, 0.04666666666666667, 0.9333333333333333, 17.010657508279877, 20.632167293822995
21, 3, 3, 0.023333333333333334, 0.97, 21.323241757407104, 20.971302901986835
21, 5, 3, 0.03666666666666667, 0.96, 22.229907016606113, 21.149230377820977
21, 12, 3, 0.023333333333333334, 0.9733333333333334, 23.058083126860254, 21.21805046983827
21, 20, 3, 0.03333333333333333, 0.9633333333333334, 21.198206696011024, 21.093382198891867
21, 30, 3, 0.04, 0.96, 20.436403677113837, 21.04275752912904
42, No Interference, 3, 0.016666666666666666, 0.9666666666666667, 16.9482745441645, 20.519672448071056
42, 3, 3, 0.013333333333333334, 0.98, 21.442767358910913, 21.183329406714897
42, 5, 3, 0.02, 0.9633333333333334, 22.108703072538724, 21.123393803022847
42, 12, 3, 0.02666666666666667, 0.9666666666666667, 22.784901180923864, 21.151069025207743
42, 20, 3, 0.03666666666666667, 0.96, 21.074074728700932, 21.137717268528863
42, 30, 3, 0.016666666666666666, 0.98, 20.210486049772673, 20.992380160294335
112, No Interference, 3, 0.04, 0.9333333333333333, 17.306966233036235, 20.678687615398935
112, 3, 3, 0.023333333333333334, 0.9666666666666667, 21.364711847201747, 21.03265915025337
112, 5, 3, 0.02, 0.9766666666666667, 21.913022676781416, 21.069627794056206
112, 12, 3, 0.02, 0.98, 22.97232592845552, 21.20878719287803
112, 20, 3, 0.023333333333333334, 0.9733333333333334, 21.019032308930488, 21.07342370813113
112, 30, 3, 0.03333333333333333, 0.9666666666666667, 20.651481691010357, 21.078778178538712
110, No Interference, 3, 0.03333333333333333, 0.9566666666666667, 17.29020172252091, 20.61192614908004
110, 3, 3, 0.03333333333333333, 0.9633333333333334, 21.274239773736884, 20.97619297972295
110, 5, 3, 0.016666666666666666, 0.9733333333333334, 22.360056153719896, 21.202486663828633
110, 12, 3, 0.03, 0.97, 22.94415412084125, 21.167521248534285
110, 20, 3, 0.04, 0.9566666666666667, 21.18645268056136, 21.093094850856122
110, 30, 3, 0.02, 0.98, 20.1768515805381, 20.903153053804797
666, No Interference, 3, 0.043333333333333335, 0.9466666666666667, 17.131065154839796, 20.6183743784088
666, 3, 3, 0.03333333333333333, 0.96, 21.420736284507402, 21.101824922326823
666, 5, 3, 0.013333333333333334, 0.9733333333333334, 22.360274505274294, 21.234460813176216
666, 12, 3, 0.01, 0.99, 22.804542750318024, 21.208082898743392
666, 20, 3, 0.03666666666666667, 0.9633333333333334, 21.10397338639063, 21.080935247458576
666, 30, 3, 0.02666666666666667, 0.97, 20.1929638887384, 21.120258878328414
72, No Interference, 3, 0.03, 0.9333333333333333, 16.95093559918054, 20.581588732212204
72, 3, 3, 0.023333333333333334, 0.97, 21.506762872294466, 21.138612096137763
72, 5, 3, 0.02, 0.9766666666666667, 22.315602284286847, 21.141869393415796
72, 12, 3, 0.03333333333333333, 0.9633333333333334, 22.83568336264688, 21.149936993353855
72, 20, 3, 0.04666666666666667, 0.9466666666666667, 21.10414818367459, 21.193850971618684
72, 30, 3, 0.02666666666666667, 0.9733333333333334, 20.12112535538699, 21.008767368931775
80, No Interference, 3, 0.03333333333333333, 0.9566666666666667, 17.070408228100717, 20.550659374459862
80, 3, 3, 0.02666666666666667, 0.9666666666666667, 21.375014943649024, 21.024621234512253
80, 5, 3, 0.03, 0.9566666666666667, 21.950704910504243, 21.06910029175274
80, 12, 3, 0.01, 0.9866666666666667, 23.03512308452255, 21.19477427293678
80, 20, 3, 0.03666666666666667, 0.9633333333333334, 21.23223639778629, 21.13182782972242
80, 30, 3, 0.016666666666666666, 0.9833333333333333, 20.304441537360848, 20.99280900777561
1067, No Interference, 3, 0.03333333333333333, 0.9466666666666667, 17.14577569953472, 20.623311134647945
1067, 3, 3, 0.03333333333333333, 0.9533333333333334, 21.258502524182575, 21.064886199724018
1067, 5, 3, 0.02, 0.98, 22.305815465004805, 21.158610145754174
1067, 12, 3, 0.04, 0.9533333333333334, 23.03042467172828, 21.19108169352899
1067, 20, 3, 0.03666666666666667, 0.96, 21.166289425515203, 21.043403989119383
1067, 30, 3, 0.03666666666666667, 0.96, 20.441531118062585, 20.997212479983943
1084, No Interference, 3, 0.05, 0.92, 17.312608127929174, 20.68666083591204
1084, 3, 3, 0.0033333333333333335, 0.99, 21.081394597508886, 21.00573937851857
1084, 5, 3, 0.016666666666666666, 0.97, 22.002177836286837, 21.101268978656943
1084, 12, 3, 0.03, 0.9666666666666667, 23.135385499893204, 21.206067658345884
1084, 20, 3, 0.043333333333333335, 0.9566666666666667, 21.1560024839424, 21.112326711948143
1084, 30, 3, 0.023333333333333334, 0.9766666666666667, 20.176030965195704, 21.12882407328663
115, No Interference, 3, 0.03333333333333333, 0.9566666666666667, 17.27229061677209, 20.545764388800656
115, 3, 3, 0.04, 0.9533333333333334, 21.392896873267006, 21.1034969629792
115, 5, 3, 0.02, 0.9666666666666667, 22.00786518133745, 21.115202856337817
115, 12, 3, 0.02, 0.9766666666666667, 22.95157510097766, 21.19859439738844
115, 20, 3, 0.023333333333333334, 0.9766666666666667, 21.15109057824318, 20.932330953912203
115, 30, 3, 0.03333333333333333, 0.9666666666666667, 19.874854745824702, 21.029381924544378
21, No Interference, 5, 0.03666666666666667, 0.94, 16.79561901892601, 20.526684647496626
21, 3, 5, 0.03666666666666667, 0.9533333333333334, 21.166335598345796, 20.899137464793593
21, 5, 5, 0.02666666666666667, 0.9666666666666667, 22.101922994326987, 21.156617455376146
21, 12, 5, 0.02, 0.9766666666666667, 22.893335061058234, 21.171563065762086
21, 20, 5, 0.02, 0.98, 21.05108755022539, 21.03427498698591
21, 30, 5, 0.013333333333333334, 0.9866666666666667, 20.40335874591384, 21.066622509975478
42, No Interference, 5, 0.05333333333333334, 0.8966666666666666, 16.58276914518227, 20.564709368973446
42, 3, 5, 0.03666666666666667, 0.95, 21.681742606590852, 21.066347166201876
42, 5, 5, 0.023333333333333334, 0.9666666666666667, 22.277759401004058, 21.12294410651394
42, 12, 5, 0.01, 0.9866666666666667, 22.79422167550132, 21.095618051212412
42, 20, 5, 0.02, 0.9766666666666667, 20.948016165438858, 20.96258340634063
42, 30, 5, 0.02666666666666667, 0.97, 20.472186638122658, 21.1394435351979
112, No Interference, 5, 0.03, 0.93, 16.405711376554283, 20.38275175669064
112, 3, 5, 0.02666666666666667, 0.97, 21.362595678953017, 21.03930878174373
112, 5, 5, 0.03, 0.9633333333333334, 22.542308765155685, 21.225526069220148
112, 12, 5, 0.02, 0.9733333333333334, 22.759003744291256, 21.246758010810563
112, 20, 5, 0.023333333333333334, 0.9733333333333334, 21.330643364766935, 21.045482222238824
112, 30, 5, 0.013333333333333334, 0.9866666666666667, 20.592576872561565, 21.156494081430882
110, No Interference, 5, 0.04, 0.9133333333333333, 17.173025341244426, 20.597307947174315
110, 3, 5, 0.03333333333333333, 0.96, 21.12392147892701, 20.93452380124713
110, 5, 5, 0.01, 0.99, 22.425705564861836, 21.194791487551566
110, 12, 5, 0.02, 0.9733333333333334, 22.90746473860058, 21.13367150936627
110, 20, 5, 0.03666666666666667, 0.9633333333333334, 21.124842929749114, 21.02448017399335
110, 30, 5, 0.02666666666666667, 0.97, 20.47605194561992, 21.063999048391484
666, No Interference, 5, 0.04, 0.9433333333333334, 16.739524507429568, 20.632040146678605
666, 3, 5, 0.03, 0.9633333333333334, 21.332204295312476, 21.03252398885878
666, 5, 5, 0.03, 0.9566666666666667, 22.240547210745444, 21.215424864396926
666, 12, 5, 0.016666666666666666, 0.9833333333333333, 22.854923802245885, 21.177799072817567
666, 20, 5, 0.02666666666666667, 0.97, 21.34594120523957, 20.97429149337913
666, 30, 5, 0.04, 0.9566666666666667, 20.39321220505015, 21.060650537289412
72, No Interference, 5, 0.03, 0.93, 16.398029459468955, 20.58020207641673
72, 3, 5, 0.04, 0.95, 21.203260286243104, 20.996730143974034
72, 5, 5, 0.03666666666666667, 0.9566666666666667, 21.95387278596312, 21.05828583410743
72, 12, 5, 0.006666666666666667, 0.99, 23.076029775487452, 21.171628405783924
72, 20, 5, 0.07, 0.93, 20.97003148833498, 21.116120941619766
72, 30, 5, 0.02, 0.9733333333333334, 20.233519705330576, 20.95860302121419
80, No Interference, 5, 0.02, 0.96, 16.80388760349248, 20.63831167810242
80, 3, 5, 0.02, 0.9766666666666667, 21.443690641547743, 21.063286189231036
80, 5, 5, 0.016666666666666666, 0.9766666666666667, 22.445040722458163, 21.124345425367633
80, 12, 5, 0.023333333333333334, 0.97, 23.198822778839535, 21.253117043034
80, 20, 5, 0.03333333333333333, 0.9666666666666667, 21.166250695989376, 21.196547366625023
80, 30, 5, 0.03, 0.9666666666666667, 20.648999565847422, 21.12031937172904
1067, No Interference, 5, 0.05333333333333334, 0.9166666666666666, 16.58461493454937, 20.605725885404098
1067, 3, 5, 0.023333333333333334, 0.9766666666666667, 21.185843136494015, 20.89092441681351
1067, 5, 5, 0.023333333333333334, 0.9633333333333334, 22.18501384234478, 21.092285593215028
1067, 12, 5, 0.023333333333333334, 0.97, 22.903619630379378, 21.229821554191748
1067, 20, 5, 0.043333333333333335, 0.9533333333333334, 21.074092291946535, 21.044019680069805
1067, 30, 5, 0.02666666666666667, 0.9733333333333334, 20.559873237878506, 21.11615584446974
1084, No Interference, 5, 0.03666666666666667, 0.93, 16.702924455660177, 20.554262754091134
1084, 3, 5, 0.013333333333333334, 0.98, 21.49506344695154, 21.09480353570822
1084, 5, 5, 0.013333333333333334, 0.98, 22.054509207607452, 21.023147520357142
1084, 12, 5, 0.023333333333333334, 0.9766666666666667, 23.119536196947493, 21.164040982237054
1084, 20, 5, 0.03333333333333333, 0.96, 20.897749114719062, 21.109659334035776
1084, 30, 5, 0.023333333333333334, 0.9666666666666667, 20.217574503901137, 20.94457778217236
115, No Interference, 5, 0.03333333333333333, 0.95, 16.699701180093086, 20.49455610746891
115, 3, 5, 0.02, 0.9766666666666667, 21.380276055971894, 20.940352836220125
115, 5, 5, 0.03333333333333333, 0.9566666666666667, 22.28280290759827, 21.10301647929991
115, 12, 5, 0.023333333333333334, 0.9766666666666667, 22.913577058704256, 21.226829418780294
115, 20, 5, 0.05333333333333334, 0.9433333333333334, 20.91569626671166, 20.964103159946003
115, 30, 5, 0.03666666666666667, 0.9633333333333334, 20.111149287406604, 21.00897367878215
21, No Interference, 12, 0.06333333333333334, 0.8833333333333333, 15.516699513167634, 20.442417064825207
21, 3, 12, 0.03666666666666667, 0.95, 21.3632413550669, 21.058603150773568
21, 5, 12, 0.03333333333333333, 0.9566666666666667, 22.563755405651094, 21.18738812233545
21, 12, 12, 0.04, 0.9566666666666667, 22.84121652160486, 21.111705541367854
21, 20, 12, 0.07, 0.9266666666666666, 21.038262190873628, 20.984817230218297
21, 30, 12, 0.043333333333333335, 0.9566666666666667, 20.4519552491265, 21.126943105770973
42, No Interference, 12, 0.07666666666666666, 0.8733333333333333, 15.71724915529583, 20.56815528166505
42, 3, 12, 0.03333333333333333, 0.9666666666666667, 21.305313224225095, 21.121929170325778
42, 5, 12, 0.02, 0.9733333333333334, 22.541896897724868, 21.146946328883484
42, 12, 12, 0.02, 0.98, 22.934956227416045, 21.043571487014216
42, 20, 12, 0.06, 0.94, 21.279406594905815, 21.138139686486337
42, 30, 12, 0.04, 0.9566666666666667, 20.41863734064497, 20.89626053358915
112, No Interference, 12, 0.06666666666666667, 0.8866666666666667, 15.747753112428935, 20.543561905021075
112, 3, 12, 0.04, 0.9566666666666667, 21.387367285302133, 20.921385739659865
112, 5, 12, 0.023333333333333334, 0.9666666666666667, 22.371586148478542, 21.16137401022478
112, 12, 12, 0.016666666666666666, 0.98, 23.07114335180413, 21.20054672538737
112, 20, 12, 0.05333333333333334, 0.9466666666666667, 21.241129872150907, 21.126077789490193
112, 30, 12, 0.03666666666666667, 0.9633333333333334, 20.464043752293563, 21.04545351083619
110, No Interference, 12, 0.06333333333333334, 0.8566666666666667, 15.398642598317691, 20.4322916838476
110, 3, 12, 0.056666666666666664, 0.9366666666666666, 21.253736324828537, 21.092149426302022
110, 5, 12, 0.03666666666666667, 0.9466666666666667, 22.437927809172276, 21.2373438708565
110, 12, 12, 0.03333333333333333, 0.9633333333333334, 22.865474796972258, 21.054712453917887
110, 20, 12, 0.02666666666666667, 0.97, 21.200654718189828, 20.999210384023716
110, 30, 12, 0.03333333333333333, 0.9666666666666667, 20.781654702635123, 21.002592333210504
666, No Interference, 12, 0.056666666666666664, 0.8866666666666667, 15.6790603343539, 20.337292797314028
666, 3, 12, 0.03, 0.9666666666666667, 21.279959780118876, 20.93455062341696
666, 5, 12, 0.023333333333333334, 0.9566666666666667, 22.125725386621493, 21.117215598112324
666, 12, 12, 0.013333333333333334, 0.9833333333333333, 22.760013242819124, 21.06719878362517
666, 20, 12, 0.06, 0.94, 21.18022762020574, 20.984449151380606
666, 30, 12, 0.04, 0.9566666666666667, 20.03990891244445, 21.04690368089924
72, No Interference, 12, 0.07, 0.8533333333333334, 15.684888923841239, 20.463643530925662
72, 3, 12, 0.03666666666666667, 0.9466666666666667, 21.212604833954252, 21.011903397523238
72, 5, 12, 0.03, 0.9633333333333334, 22.133140697198158, 21.088211651856486
72, 12, 12, 0.02666666666666667, 0.96, 23.045705590523394, 21.04074180685526
72, 20, 12, 0.056666666666666664, 0.9433333333333334, 21.333589958047824, 21.048157700403106
72, 30, 12, 0.03, 0.9666666666666667, 20.491761528983602, 21.108557721955723
80, No Interference, 12, 0.03, 0.93, 15.527943529486, 20.52211673721689
80, 3, 12, 0.05, 0.9466666666666667, 21.484573066742843, 21.08704765317653
80, 5, 12, 0.03, 0.96, 22.255518931054194, 21.116038539035266
80, 12, 12, 0.03, 0.9666666666666667, 22.71777904029187, 21.163406671699608
80, 20, 12, 0.04, 0.9533333333333334, 21.252210922183806, 21.06092529998564
80, 30, 12, 0.02, 0.98, 20.426310211234252, 21.0574198394217
1067, No Interference, 12, 0.06333333333333334, 0.8833333333333333, 15.685399280476085, 20.473000083337016
1067, 3, 12, 0.05, 0.9466666666666667, 21.337460434110227, 21.011268712687794
1067, 5, 12, 0.03, 0.9666666666666667, 22.47217109507861, 21.175429522653545
1067, 12, 12, 0.02, 0.98, 22.96227145158798, 21.325638919734335
1067, 20, 12, 0.05, 0.95, 21.19340120843151, 21.02485441016989
1067, 30, 12, 0.03, 0.97, 20.4355172692724, 21.11795542354375
1084, No Interference, 12, 0.06666666666666667, 0.8533333333333334, 15.585424223588214, 20.43590722342915
1084, 3, 12, 0.043333333333333335, 0.9433333333333334, 21.27551099755777, 20.96959327802775
1084, 5, 12, 0.03666666666666667, 0.9533333333333334, 22.23064812453626, 21.15717911059464
1084, 12, 12, 0.02666666666666667, 0.9733333333333334, 23.028892313977174, 21.174493424628697
1084, 20, 12, 0.043333333333333335, 0.9566666666666667, 21.204222876485233, 21.05273705539766
1084, 30, 12, 0.03666666666666667, 0.96, 20.237784875978846, 21.021690659320356
115, No Interference, 12, 0.08, 0.8733333333333333, 15.651180717913753, 20.402249388321014
115, 3, 12, 0.03333333333333333, 0.9566666666666667, 21.296951125732868, 21.038584916357006
115, 5, 12, 0.04666666666666667, 0.94, 22.375931511156548, 21.203686146247428
115, 12, 12, 0.03, 0.97, 22.643822205935656, 21.10198524857862
115, 20, 12, 0.03333333333333333, 0.9633333333333334, 21.118097081620917, 21.01346034549764
115, 30, 12, 0.02, 0.9766666666666667, 20.637617846065393, 21.18113510046606
21, No Interference, 15, 0.06666666666666667, 0.8466666666666667, 15.174993905901225, 20.511657394252428
21, 3, 15, 0.03666666666666667, 0.9433333333333334, 21.55098700589397, 21.112495305563478
21, 5, 15, 0.05, 0.9366666666666666, 22.24783431162285, 21.146948952078986
21, 12, 15, 0.016666666666666666, 0.9833333333333333, 22.995249557675372, 21.10400815291093
21, 20, 15, 0.03, 0.97, 21.19631840002019, 21.19647035645625
21, 30, 15, 0.04, 0.9566666666666667, 20.497671446631237, 21.11467995967979
42, No Interference, 15, 0.06333333333333334, 0.8533333333333334, 14.746040878817366, 20.280387082094336
42, 3, 15, 0.03333333333333333, 0.9566666666666667, 21.50377691641097, 21.041228804510094
42, 5, 15, 0.04666666666666667, 0.9366666666666666, 22.51708363069178, 21.185030885615213
42, 12, 15, 0.03, 0.9666666666666667, 22.978965340592996, 21.14036044188081
42, 20, 15, 0.06, 0.9366666666666666, 21.421185142310495, 21.176534287810686
42, 30, 15, 0.04666666666666667, 0.9466666666666667, 20.553181945429678, 20.95486739697892
112, No Interference, 15, 0.08666666666666667, 0.8633333333333333, 14.867992557977828, 20.29603753666223
112, 3, 15, 0.03666666666666667, 0.9566666666666667, 21.42911532929022, 21.0731912561223
112, 5, 15, 0.03333333333333333, 0.94, 22.401396875761286, 21.21749826629401
112, 12, 15, 0.02666666666666667, 0.9666666666666667, 22.885331122131614, 21.228805482293865
112, 20, 15, 0.04, 0.96, 21.191932999090206, 21.161077235435936
112, 30, 15, 0.02666666666666667, 0.9733333333333334, 20.486320753179086, 21.019761800950313
110, No Interference, 15, 0.056666666666666664, 0.8533333333333334, 14.769882648132374, 20.265587937251265
110, 3, 15, 0.05, 0.9433333333333334, 21.095454222946614, 20.889779182339534
110, 5, 15, 0.03, 0.9533333333333334, 22.720089455507818, 21.10283378165246
110, 12, 15, 0.023333333333333334, 0.9766666666666667, 22.839016663398684, 21.154170184617648
110, 20, 15, 0.03333333333333333, 0.96, 21.259295508652226, 21.010869794158843
110, 30, 15, 0.04, 0.96, 20.30788733879938, 21.136445444935596
666, No Interference, 15, 0.04, 0.88, 15.173693493950276, 20.425482130982616
666, 3, 15, 0.03333333333333333, 0.9566666666666667, 21.73605420965512, 21.044400063626767
666, 5, 15, 0.043333333333333335, 0.9466666666666667, 22.324492283402346, 21.12238271324674
666, 12, 15, 0.013333333333333334, 0.9833333333333333, 23.02431824491806, 21.1962069471474
666, 20, 15, 0.043333333333333335, 0.9533333333333334, 21.24997198274216, 21.15658665695734
666, 30, 15, 0.06666666666666667, 0.9333333333333333, 20.058335501366894, 21.032998824541902
72, No Interference, 15, 0.06666666666666667, 0.8633333333333333, 14.912509071909895, 20.463805026215763
72, 3, 15, 0.06666666666666667, 0.9333333333333333, 21.017313657055716, 20.972973449521152
72, 5, 15, 0.03, 0.9633333333333334, 22.22475348160983, 21.09103178846233
72, 12, 15, 0.03666666666666667, 0.96, 22.972738349006885, 21.235611175696366
72, 20, 15, 0.03, 0.9633333333333334, 20.871022528083007, 21.02876099055107
72, 30, 15, 0.03, 0.9666666666666667, 20.244142464795498, 21.106142047898743
80, No Interference, 15, 0.056666666666666664, 0.86, 14.963088947558989, 20.426837997287162
80, 3, 15, 0.03333333333333333, 0.9533333333333334, 21.399544780858655, 20.970676066368757
80, 5, 15, 0.03333333333333333, 0.9466666666666667, 22.439611121158755, 21.129915384834856
80, 12, 15, 0.02, 0.98, 23.06283098487619, 21.182969055015313
80, 20, 15, 0.043333333333333335, 0.9566666666666667, 20.679303177663545, 20.90818952590879
80, 30, 15, 0.06333333333333334, 0.9366666666666666, 20.419841887573018, 21.080510476373597
1067, No Interference, 15, 0.07333333333333333, 0.8633333333333333, 14.859721121874456, 20.410095008511256
1067, 3, 15, 0.04, 0.95, 21.319170058830842, 21.07478289146552
1067, 5, 15, 0.03, 0.9566666666666667, 22.564386511827948, 21.37158177000234
1067, 12, 15, 0.016666666666666666, 0.9833333333333333, 22.954780249726088, 21.24614710073986
1067, 20, 15, 0.04, 0.96, 21.199081132340023, 20.98853946224461
1067, 30, 15, 0.04, 0.96, 20.8199629287689, 21.088808716912254
1084, No Interference, 15, 0.06, 0.8666666666666667, 14.85398343229615, 20.41932939496665
1084, 3, 15, 0.04, 0.9533333333333334, 20.964436574453128, 20.972511667107963
1084, 5, 15, 0.03666666666666667, 0.9433333333333334, 22.53881823869014, 21.250039785486752
1084, 12, 15, 0.01, 0.98, 23.149763072475018, 21.185188773904184
1084, 20, 15, 0.06333333333333334, 0.9366666666666666, 21.58032026501588, 21.22603839084663
1084, 30, 15, 0.03666666666666667, 0.9566666666666667, 20.4496454686545, 21.102545639304694
115, No Interference, 15, 0.06333333333333334, 0.8833333333333333, 14.895225208861564, 20.484843789506375
115, 3, 15, 0.04, 0.96, 21.220111840023094, 21.029232938148997
115, 5, 15, 0.02, 0.9633333333333334, 22.217609805069607, 21.158156573363392
115, 12, 15, 0.016666666666666666, 0.98, 23.024791818878285, 21.33983508802473
115, 20, 15, 0.04, 0.9533333333333334, 21.082486975140643, 21.01206567192186
115, 30, 15, 0.023333333333333334, 0.9733333333333334, 20.487717951609888, 21.124755176832046
21, No Interference, 20, 0.07, 0.82, 14.492799954402706, 20.413805676114034
21, 3, 20, 0.07666666666666666, 0.92, 21.016802315904012, 20.94526025116856
21, 5, 20, 0.04666666666666667, 0.94, 22.199269343085042, 21.026284672133823
21, 12, 20, 0.02, 0.9766666666666667, 22.981099053188604, 21.22844187886273
21, 20, 20, 0.056666666666666664, 0.9433333333333334, 21.226174749488468, 21.171169210519064
21, 30, 20, 0.05, 0.9466666666666667, 19.891262026151363, 21.086347846599157
42, No Interference, 20, 0.09666666666666666, 0.8166666666666667, 14.310103245008207, 20.412804222251562
42, 3, 20, 0.05, 0.9233333333333333, 21.18220870811268, 21.024743891585903
42, 5, 20, 0.03333333333333333, 0.9366666666666666, 22.301416712874268, 21.06370341314285
42, 12, 20, 0.02, 0.9733333333333334, 22.85766947438983, 21.264977642020735
42, 20, 20, 0.06666666666666667, 0.93, 21.178924157016308, 21.134039086266856
42, 30, 20, 0.05, 0.95, 20.441640665314356, 21.042881934746312
112, No Interference, 20, 0.10666666666666667, 0.78, 14.322866482132268, 20.39354232739445
112, 3, 20, 0.08, 0.91, 21.26506194036609, 21.044014314859155
112, 5, 20, 0.043333333333333335, 0.94, 22.175971587791892, 21.205455032548684
112, 12, 20, 0.03333333333333333, 0.9633333333333334, 22.888182570924553, 21.23614861768412
112, 20, 20, 0.03333333333333333, 0.9666666666666667, 20.89909583407974, 21.020495494789714
112, 30, 20, 0.05, 0.9433333333333334, 20.138007147621384, 21.01004488867304
110, No Interference, 20, 0.08666666666666667, 0.8166666666666667, 14.078203916499461, 20.38623171028349
110, 3, 20, 0.06333333333333334, 0.92, 21.5789127949278, 20.979252767629276
110, 5, 20, 0.043333333333333335, 0.9466666666666667, 22.37962245646093, 21.204517384624598
110, 12, 20, 0.03666666666666667, 0.9633333333333334, 22.831680213779673, 21.144526841506433
110, 20, 20, 0.06, 0.94, 21.31151576844137, 21.146814954980908
110, 30, 20, 0.03, 0.9666666666666667, 20.691720826214052, 21.062223400630483
666, No Interference, 20, 0.12, 0.7733333333333333, 14.394651293209025, 20.35810007369901
666, 3, 20, 0.043333333333333335, 0.95, 21.636024232889294, 21.143931357407375
666, 5, 20, 0.06333333333333334, 0.9233333333333333, 22.138494220212834, 21.12291267632495
666, 12, 20, 0.02666666666666667, 0.97, 22.723385935410313, 21.14044536785552
666, 20, 20, 0.056666666666666664, 0.94, 21.556144105060255, 21.20097005133315
666, 30, 20, 0.04666666666666667, 0.9433333333333334, 20.63321612779061, 21.16791895738093
72, No Interference, 20, 0.1, 0.8266666666666667, 14.2078426312298, 20.309717083314663
72, 3, 20, 0.043333333333333335, 0.9433333333333334, 21.252314036772557, 20.963667806381505
72, 5, 20, 0.05, 0.9233333333333333, 22.358513618091255, 21.190292290140366
72, 12, 20, 0.04666666666666667, 0.9466666666666667, 22.87864059541776, 21.19006283544057
72, 20, 20, 0.05, 0.94, 21.000751770922655, 21.05042585067589
72, 30, 20, 0.043333333333333335, 0.9533333333333334, 20.32115976245045, 20.985682537741376
80, No Interference, 20, 0.08333333333333333, 0.83, 14.229657333787468, 20.39861941214184
80, 3, 20, 0.04666666666666667, 0.9466666666666667, 21.309820828695596, 20.95006128555085
80, 5, 20, 0.02, 0.9333333333333333, 22.350077785846626, 21.163991779503935
80, 12, 20, 0.03333333333333333, 0.9666666666666667, 22.82799082774237, 21.144427908992817
80, 20, 20, 0.06, 0.93, 21.272445635287834, 21.1654882285669
80, 30, 20, 0.04, 0.9566666666666667, 20.42443041522328, 21.0324849240742
1067, No Interference, 20, 0.09333333333333334, 0.8233333333333334, 14.163426369196552, 20.367728272764026
1067, 3, 20, 0.043333333333333335, 0.9466666666666667, 21.34047340585282, 21.014584249789902
1067, 5, 20, 0.03333333333333333, 0.95, 22.474240289902735, 21.261913023186093
1067, 12, 20, 0.03, 0.9633333333333334, 22.897545252358857, 21.1886943451643
1067, 20, 20, 0.05, 0.95, 21.08411811934761, 20.994355589811246
1067, 30, 20, 0.04666666666666667, 0.9533333333333334, 20.101047320412984, 20.938824451495915
1084, No Interference, 20, 0.06666666666666667, 0.8233333333333334, 14.354793813508163, 20.32019642971475
1084, 3, 20, 0.056666666666666664, 0.9233333333333333, 21.391076214317756, 21.094173228531417
1084, 5, 20, 0.04666666666666667, 0.9366666666666666, 22.386650587148825, 21.171369142333468
1084, 12, 20, 0.043333333333333335, 0.9533333333333334, 23.11563841105716, 21.303381577731717
1084, 20, 20, 0.04666666666666667, 0.9533333333333334, 20.920764781042326, 21.01544397748353
1084, 30, 20, 0.04, 0.96, 20.683981769061297, 21.168668728734453
115, No Interference, 20, 0.07666666666666666, 0.8333333333333334, 14.134969678237168, 20.49341023328935
115, 3, 20, 0.07333333333333333, 0.9066666666666666, 21.314543686134627, 20.904528567955005
115, 5, 20, 0.02, 0.9533333333333334, 22.644247021436144, 21.205006174818948
115, 12, 20, 0.03, 0.9633333333333334, 23.20467679780817, 21.193835398820422
115, 20, 20, 0.06, 0.9333333333333333, 21.31435785726746, 20.984009845546375
115, 30, 20, 0.03666666666666667, 0.9633333333333334, 20.52864282704399, 21.008655665855233
21, No Interference, 30, 0.16333333333333333, 0.6666666666666666, 12.928874126128317, 20.161587705950616
21, 3, 30, 0.08, 0.9, 21.068319586930457, 20.93148901292859
21, 5, 30, 0.06333333333333334, 0.8766666666666667, 22.307335669428994, 21.250172267902034
21, 12, 30, 0.023333333333333334, 0.9666666666666667, 22.764120290114615, 21.140609591896315
21, 20, 30, 0.08, 0.92, 20.94669771005755, 21.063150705279384
21, 30, 30, 0.04666666666666667, 0.9466666666666667, 20.419571295871947, 21.078932188711907
42, No Interference, 30, 0.15333333333333332, 0.7433333333333333, 12.714855612096985, 20.29964017668713
42, 3, 30, 0.07333333333333333, 0.8966666666666666, 20.73583219534591, 20.776400991970714
42, 5, 30, 0.056666666666666664, 0.9366666666666666, 22.398994578247226, 21.155052450389157
42, 12, 30, 0.03666666666666667, 0.95, 22.90431267065578, 21.179664088484046
42, 20, 30, 0.07333333333333333, 0.9233333333333333, 20.930584680149373, 21.079280739019307
42, 30, 30, 0.06666666666666667, 0.9333333333333333, 20.391724029905987, 21.07455952983785
112, No Interference, 30, 0.16333333333333333, 0.7233333333333334, 13.042341024469753, 20.22826327916234
112, 3, 30, 0.06666666666666667, 0.9166666666666666, 21.20998036175691, 21.153431839531514
112, 5, 30, 0.056666666666666664, 0.9066666666666666, 22.198076612043373, 21.19171727922484
112, 12, 30, 0.04, 0.9433333333333334, 22.8419450622727, 21.134418017783506
112, 20, 30, 0.043333333333333335, 0.9466666666666667, 21.1937078724146, 21.0881863764586
112, 30, 30, 0.06666666666666667, 0.9333333333333333, 20.418131292857144, 21.15823937365298
110, No Interference, 30, 0.19666666666666666, 0.64, 12.675020418132803, 20.091278648275303
110, 3, 30, 0.06, 0.9233333333333333, 21.304334707390446, 20.975052232700122
110, 5, 30, 0.06333333333333334, 0.9133333333333333, 22.577594815038164, 21.25610001091639
110, 12, 30, 0.043333333333333335, 0.9466666666666667, 22.564269174008817, 21.14198529171058
110, 20, 30, 0.06333333333333334, 0.93, 21.021706805253213, 20.96476840010645
110, 30, 30, 0.09333333333333334, 0.9033333333333333, 20.311561985582397, 21.184855085150684
666, No Interference, 30, 0.13666666666666666, 0.68, 12.712124278642095, 20.231713566922153
666, 3, 30, 0.08333333333333333, 0.9, 20.876120343789843, 20.937371228448466
666, 5, 30, 0.04666666666666667, 0.9166666666666666, 22.691354953847647, 21.187935888352527
666, 12, 30, 0.043333333333333335, 0.9533333333333334, 22.874292935801495, 21.209142351892503
666, 20, 30, 0.06333333333333334, 0.9333333333333333, 20.966297367904556, 21.145235424472233
666, 30, 30, 0.043333333333333335, 0.95, 20.311509120753705, 21.13490703173688
72, No Interference, 30, 0.15666666666666668, 0.6933333333333334, 12.687728578172523, 20.1989867124144
72, 3, 30, 0.07666666666666666, 0.92, 21.290644073150776, 21.045199483220014
72, 5, 30, 0.04666666666666667, 0.91, 22.398273255833917, 21.20112474017682
72, 12, 30, 0.03, 0.9533333333333334, 23.09822200567004, 21.19109327532365
72, 20, 30, 0.09, 0.9066666666666666, 21.006240999485954, 21.058812684963147
72, 30, 30, 0.03666666666666667, 0.9533333333333334, 20.354798745724363, 21.092771485656424
80, No Interference, 30, 0.13333333333333333, 0.7333333333333333, 12.688953001693518, 20.17085467344661
80, 3, 30, 0.08333333333333333, 0.9066666666666666, 21.000532568272327, 20.985205311534774
80, 5, 30, 0.07, 0.9133333333333333, 22.109313248640273, 21.15669232720297
80, 12, 30, 0.04666666666666667, 0.9333333333333333, 22.75627897759333, 21.02466371328077
80, 20, 30, 0.08, 0.9133333333333333, 20.762638570948802, 20.98077776224416
80, 30, 30, 0.043333333333333335, 0.9566666666666667, 20.328836517040312, 21.06507380482985
1067, No Interference, 30, 0.17, 0.66, 13.243801328630456, 20.31842987164525
1067, 3, 30, 0.09333333333333334, 0.9033333333333333, 21.02365867280806, 20.874236401467506
1067, 5, 30, 0.056666666666666664, 0.9233333333333333, 22.62044744559858, 21.252471495900256
1067, 12, 30, 0.043333333333333335, 0.95, 22.77036735126051, 21.128105829191753
1067, 20, 30, 0.08, 0.9166666666666666, 21.014776241277623, 21.161381421350868
1067, 30, 30, 0.06333333333333334, 0.93, 20.52165169631765, 21.023380819994202
1084, No Interference, 30, 0.1, 0.7633333333333333, 12.794701320354614, 20.151501958046584
1084, 3, 30, 0.07333333333333333, 0.91, 21.21716337009551, 20.979073089882053
1084, 5, 30, 0.043333333333333335, 0.9366666666666666, 22.402592651766202, 21.254143509921867
1084, 12, 30, 0.04666666666666667, 0.9466666666666667, 22.997576693705994, 21.199584553995226
1084, 20, 30, 0.05, 0.9466666666666667, 21.237518530102804, 21.088318062525037
1084, 30, 30, 0.07, 0.93, 20.46554839809119, 21.079124407272534
115, No Interference, 30, 0.13333333333333333, 0.7266666666666667, 12.875333227087443, 20.296517114351946
115, 3, 30, 0.08333333333333333, 0.89, 20.972138021040905, 20.862172579709995
115, 5, 30, 0.043333333333333335, 0.9166666666666666, 22.325584022888794, 21.22557192967269
115, 12, 30, 0.03666666666666667, 0.9533333333333334, 22.79957159584696, 21.247482150798835
115, 20, 30, 0.08666666666666667, 0.9066666666666666, 21.052963175030346, 21.12676802042115
115, 30, 30, 0.06333333333333334, 0.9333333333333333, 20.43776612258935, 21.100798504067352
21, No Interference, 40, 0.29, 0.5333333333333333, 11.491854335826975, 20.0626309119179
21, 3, 40, 0.1, 0.8566666666666667, 20.950867997744208, 21.002540814479463
21, 5, 40, 0.056666666666666664, 0.9, 22.299424776777897, 21.225032937520155
21, 12, 40, 0.043333333333333335, 0.94, 23.03443500018713, 21.25183696685711
21, 20, 40, 0.09666666666666666, 0.9, 21.07679553307923, 21.056679462007153
21, 30, 40, 0.08666666666666667, 0.9033333333333333, 20.472157045520326, 21.12991074267865
42, No Interference, 40, 0.21666666666666667, 0.5866666666666667, 11.744690516927525, 20.082800290193322
42, 3, 40, 0.07, 0.88, 20.946804554879918, 20.98844785232509
42, 5, 40, 0.07333333333333333, 0.8933333333333333, 22.54927233361701, 21.30468560797193
42, 12, 40, 0.07333333333333333, 0.9066666666666666, 22.733692902299556, 21.138129558572373
42, 20, 40, 0.1, 0.8966666666666666, 20.67099266300484, 20.96031575747337
42, 30, 40, 0.06, 0.9333333333333333, 20.31499712367043, 21.136598622083504
112, No Interference, 40, 0.23333333333333334, 0.5833333333333334, 11.71785088251584, 20.073010328125488
112, 3, 40, 0.06666666666666667, 0.88, 21.00836836167988, 20.991381893917765
112, 5, 40, 0.09666666666666666, 0.8566666666666667, 22.190689594296227, 21.173854074065915
112, 12, 40, 0.06, 0.92, 22.9032563171244, 21.23830224896325
112, 20, 40, 0.07666666666666666, 0.9233333333333333, 20.75167831895676, 21.09681622659008
112, 30, 40, 0.08666666666666667, 0.91, 20.19399315587026, 21.08193795996204
110, No Interference, 40, 0.22666666666666666, 0.5633333333333334, 11.544674765524535, 20.00265585388693
110, 3, 40, 0.07666666666666666, 0.8833333333333333, 20.869042033469448, 20.920904694293462
110, 5, 40, 0.07, 0.89, 22.253830032055536, 21.122362034877778
110, 12, 40, 0.04666666666666667, 0.9266666666666666, 23.12363706581478, 21.188208551553114
110, 20, 40, 0.09333333333333334, 0.9, 20.81896060411508, 21.088376524720456
110, 30, 40, 0.06666666666666667, 0.9266666666666666, 20.535931214221463, 21.161739927268947
666, No Interference, 40, 0.27, 0.5633333333333334, 11.737834723895848, 20.142237503684434
666, 3, 40, 0.08, 0.8966666666666666, 21.270957835765785, 20.986863997312525
666, 5, 40, 0.08, 0.8666666666666667, 21.85002487617712, 21.088622920291947
666, 12, 40, 0.056666666666666664, 0.93, 22.831395110512716, 21.198388160447433
666, 20, 40, 0.09666666666666666, 0.8933333333333333, 20.748128541562707, 20.98979772996105
666, 30, 40, 0.09666666666666666, 0.8966666666666666, 20.329144085300015, 20.9753984014168
72, No Interference, 40, 0.20333333333333334, 0.6033333333333334, 11.823501480661132, 20.068055051283004
72, 3, 40, 0.1, 0.8633333333333333, 20.91233578548248, 20.921009408007144
72, 5, 40, 0.08, 0.85, 22.43922117437126, 21.257719414246516
72, 12, 40, 0.05, 0.93, 23.009399096748336, 21.216428371464275
72, 20, 40, 0.10333333333333333, 0.8933333333333333, 20.751849104920957, 21.02960069348871
72, 30, 40, 0.09, 0.9066666666666666, 19.962759598433045, 21.024316106217544
80, No Interference, 40, 0.23666666666666666, 0.5533333333333333, 11.521465127729764, 20.121948744571405
80, 3, 40, 0.06666666666666667, 0.91, 20.667286856306372, 20.94576894854897
80, 5, 40, 0.06333333333333334, 0.9, 22.285404540200766, 21.165574067732923
80, 12, 40, 0.06, 0.9233333333333333, 22.804505178869615, 21.169388388318975
80, 20, 40, 0.10666666666666667, 0.8866666666666667, 20.371200773597934, 20.981169746795565
80, 30, 40, 0.08, 0.9166666666666666, 20.37580427148052, 21.09267690395585
1067, No Interference, 40, 0.23666666666666666, 0.5866666666666667, 11.666656894917049, 20.13463423359591
1067, 3, 40, 0.11333333333333333, 0.8533333333333334, 20.98281699815478, 21.00862721614832
1067, 5, 40, 0.08, 0.8733333333333333, 22.280455699907066, 21.217918448886387
1067, 12, 40, 0.03333333333333333, 0.96, 22.929073432700054, 21.25392262005893
1067, 20, 40, 0.1, 0.8966666666666666, 20.832440040471838, 21.186783177054902
1067, 30, 40, 0.09, 0.9066666666666666, 20.381437483956944, 21.199139276621995
1084, No Interference, 40, 0.2633333333333333, 0.57, 11.81127071218859, 20.135639409776516
1084, 3, 40, 0.11, 0.86, 20.54414014895989, 20.834581429963283
1084, 5, 40, 0.08666666666666667, 0.8733333333333333, 22.04230541597309, 21.052942919298957
1084, 12, 40, 0.056666666666666664, 0.94, 22.829495165230217, 21.18618513935717
1084, 20, 40, 0.10333333333333333, 0.8766666666666667, 20.56468921089712, 20.947700184302086
1084, 30, 40, 0.06333333333333334, 0.93, 19.892097777248207, 21.018060838546013
115, No Interference, 40, 0.23666666666666666, 0.58, 11.805929033287477, 20.064605650798374
115, 3, 40, 0.08333333333333333, 0.8766666666666667, 20.652272106853417, 20.982965251015187
115, 5, 40, 0.056666666666666664, 0.9066666666666666, 22.33466486284833, 21.167057836777452
115, 12, 40, 0.04666666666666667, 0.9233333333333333, 22.889455493222037, 21.26196025594621
115, 20, 40, 0.1, 0.89, 21.031130441938096, 21.0976246372781
115, 30, 40, 0.07, 0.93, 20.247989764605386, 21.04450035042314
21, No Interference, 50, 0.32666666666666666, 0.4866666666666667, 10.594860421880723, 19.933421074227095
21, 3, 50, 0.13, 0.8166666666666667, 20.387425918981954, 20.884470475178766
21, 5, 50, 0.09333333333333334, 0.83, 22.460352932048536, 21.17777996288309
21, 12, 50, 0.07, 0.9066666666666666, 23.007893862693148, 21.307881007941294
21, 20, 50, 0.10333333333333333, 0.8733333333333333, 20.543131296475465, 20.891455855953367
21, 30, 50, 0.10333333333333333, 0.8933333333333333, 20.32952699080886, 21.15862869748716
42, No Interference, 50, 0.2733333333333333, 0.5366666666666666, 10.658275417752996, 20.089852558510593
42, 3, 50, 0.12666666666666668, 0.8266666666666667, 20.3328671892315, 20.908234319371942
42, 5, 50, 0.11, 0.84, 22.226212369464246, 21.238905372070832
42, 12, 50, 0.03333333333333333, 0.9433333333333334, 22.77925452532606, 21.07588897587555
42, 20, 50, 0.11333333333333333, 0.87, 20.462328235795727, 21.098934141000775
42, 30, 50, 0.09666666666666666, 0.9, 20.027256069252875, 20.92244389548647
112, No Interference, 50, 0.31, 0.49, 10.573580180347335, 19.937804331073664
112, 3, 50, 0.14333333333333334, 0.81, 20.26621202545256, 20.98074443449019
112, 5, 50, 0.11333333333333333, 0.8566666666666667, 22.33284958126067, 21.296597950426126
112, 12, 50, 0.08, 0.9, 22.667414551560356, 21.137166056756726
112, 20, 50, 0.10333333333333333, 0.8866666666666667, 20.342828325993114, 20.944039243796404
112, 30, 50, 0.09, 0.9, 20.022622265435018, 20.942087576585127
110, No Interference, 50, 0.31666666666666665, 0.5166666666666667, 10.598772251225627, 20.136367273660706
110, 3, 50, 0.10333333333333333, 0.8533333333333334, 20.523249930106967, 20.966884124605336
110, 5, 50, 0.08666666666666667, 0.86, 22.067808787577054, 21.19117341261317
110, 12, 50, 0.056666666666666664, 0.9, 22.884608126547203, 21.121374774540236
110, 20, 50, 0.11, 0.8766666666666667, 20.58399419719881, 20.96827585941173
110, 30, 50, 0.12333333333333334, 0.87, 20.16909985910923, 21.123972347259485
666, No Interference, 50, 0.30666666666666664, 0.49666666666666665, 10.704759430245131, 20.161822443319984
666, 3, 50, 0.11333333333333333, 0.8133333333333334, 20.418128442547214, 21.086552068926473
666, 5, 50, 0.09666666666666666, 0.8733333333333333, 22.076353079949595, 21.21502803636236
666, 12, 50, 0.07, 0.9066666666666666, 22.78019462972195, 21.167298594672523
666, 20, 50, 0.09333333333333334, 0.8866666666666667, 20.31042751761536, 21.02630672039901
666, 30, 50, 0.1, 0.89, 19.74905086040245, 20.863592693949347
72, No Interference, 50, 0.32666666666666666, 0.4866666666666667, 10.56034034178572, 19.96588625599551
72, 3, 50, 0.11333333333333333, 0.8266666666666667, 20.252109318441068, 20.777552503299532
72, 5, 50, 0.11, 0.85, 22.393425996287203, 21.22985401884463
72, 12, 50, 0.07, 0.8866666666666667, 22.60374775959441, 21.114092278863165
72, 20, 50, 0.10333333333333333, 0.8833333333333333, 20.206083670212877, 21.029533604954217
72, 30, 50, 0.09333333333333334, 0.9033333333333333, 20.17538829343376, 21.07641668288173
80, No Interference, 50, 0.32, 0.44666666666666666, 10.798487199320173, 20.03949647803379
80, 3, 50, 0.09666666666666666, 0.85, 20.499112450521086, 21.048283998118155
80, 5, 50, 0.12666666666666668, 0.7866666666666666, 22.080662513682416, 21.223109492802717
80, 12, 50, 0.06, 0.91, 22.815928179150003, 21.181237411609107
80, 20, 50, 0.13, 0.86, 20.255221813611684, 20.969197027854293
80, 30, 50, 0.15666666666666668, 0.8366666666666667, 19.799753757950945, 21.16191831545612
1067, No Interference, 50, 0.3566666666666667, 0.4533333333333333, 10.444075782852494, 19.92460771449119
1067, 3, 50, 0.10333333333333333, 0.84, 20.293518091420665, 20.906421237890754
1067, 5, 50, 0.12333333333333334, 0.8166666666666667, 22.2714916063473, 21.08994023136976
1067, 12, 50, 0.06333333333333334, 0.91, 22.602867022596648, 21.25310534110396
1067, 20, 50, 0.07, 0.92, 20.572811845652964, 20.89499905131723
1067, 30, 50, 0.08, 0.9166666666666666, 20.295283589652666, 21.08000969527476
1084, No Interference, 50, 0.2966666666666667, 0.5066666666666667, 10.632969086375098, 19.983959302007918
1084, 3, 50, 0.13, 0.8166666666666667, 20.54921403898496, 20.91354923925545
1084, 5, 50, 0.12, 0.82, 22.256871699545304, 21.160992918960822
1084, 12, 50, 0.09333333333333334, 0.8766666666666667, 22.842590522999924, 21.24412589703347
1084, 20, 50, 0.16, 0.8333333333333334, 20.46581472591977, 20.984509937222253
1084, 30, 50, 0.11, 0.8766666666666667, 20.09860204518508, 21.135507934276166
115, No Interference, 50, 0.2733333333333333, 0.49666666666666665, 10.470828150605461, 20.060650790907406
115, 3, 50, 0.09, 0.8233333333333334, 20.17111506877913, 20.952101667099413
115, 5, 50, 0.07666666666666666, 0.8566666666666667, 21.9693888278944, 21.172558374985996
115, 12, 50, 0.056666666666666664, 0.9166666666666666, 22.636256805441906, 21.272015188226593
115, 20, 50, 0.15, 0.83, 20.528993559748354, 21.0443643876547
115, 30, 50, 0.11, 0.8833333333333333, 19.873057694368804, 20.92481780030803
